FirstName,LastName,Email,Password,Avatar
"Sydnee","Lowe","Wallace43@yahoo.com","Jim1Jwa6g8yOA3w","https://cloudflare-ipfs.com/ipfs/Qmd3W5DuhgHirLHGVixi6V76LhCkZUz6pnFt5AJBiyvHye/avatar/1071.jpg"
"Lavada","Towne","Isabelle.Willms@hotmail.com","hrdpetN4jIopode","https://cloudflare-ipfs.com/ipfs/Qmd3W5DuhgHirLHGVixi6V76LhCkZUz6pnFt5AJBiyvHye/avatar/507.jpg"
"Bernice","Kerluke","Helen_Marquardt78@hotmail.com","JPFlERA0FjuYwp5","https://cloudflare-ipfs.com/ipfs/Qmd3W5DuhgHirLHGVixi6V76LhCkZUz6pnFt5AJBiyvHye/avatar/442.jpg"
"Lisette","Kerluke","Wellington_Reichert@hotmail.com","GCfFmSwXhWE5hr2","https://cloudflare-ipfs.com/ipfs/Qmd3W5DuhgHirLHGVixi6V76LhCkZUz6pnFt5AJBiyvHye/avatar/677.jpg"
"Harry","Herman","Trace_Pfannerstill@hotmail.com","Qk6XujsJo6ZOE4f","https://cloudflare-ipfs.com/ipfs/Qmd3W5DuhgHirLHGVixi6V76LhCkZUz6pnFt5AJBiyvHye/avatar/208.jpg"
"Jaylan","Fritsch","Davonte.Mayert@hotmail.com","oRpOiYkvdfKTCFR","https://cloudflare-ipfs.com/ipfs/Qmd3W5DuhgHirLHGVixi6V76LhCkZUz6pnFt5AJBiyvHye/avatar/340.jpg"
"Julien","Pacocha","Montana.Vandervort24@gmail.com","Dfz2GjzED_7Vr3G","https://cloudflare-ipfs.com/ipfs/Qmd3W5DuhgHirLHGVixi6V76LhCkZUz6pnFt5AJBiyvHye/avatar/494.jpg"
"Deanna","Adams","Jadon.Smitham@yahoo.com","58k5KQNvuGvkYJd","https://cloudflare-ipfs.com/ipfs/Qmd3W5DuhgHirLHGVixi6V76LhCkZUz6pnFt5AJBiyvHye/avatar/609.jpg"
"Kyle","Hamill","Kristoffer82@hotmail.com","43qBKIyDTJCMSh3","https://cloudflare-ipfs.com/ipfs/Qmd3W5DuhgHirLHGVixi6V76LhCkZUz6pnFt5AJBiyvHye/avatar/306.jpg"
"Rhea","Streich","Brenden25@yahoo.com","dixQa8_blSKFdFk","https://cloudflare-ipfs.com/ipfs/Qmd3W5DuhgHirLHGVixi6V76LhCkZUz6pnFt5AJBiyvHye/avatar/325.jpg"